开始时间,结束时间,开盘,最高,最低,收盘,成交量,60均线上/下方(1/0),K线数量,涨/跌趋势(+/-),此波幅度,macd绿区,macd红区,异动小于-1.5倍,异动大于1.5倍
2018-11-07 09:15:00,2018-11-07 09:39:00,26110.0,26131.0,26022.0,26022.0,22361.0,1,24,+,109.0,1,1,5,5
2018-11-07 09:39:00,2018-11-07 09:48:00,26022.0,26055.0,26003.0,26055.0,8084.0,0,9,+,52.0,1,0,1,1
2018-11-07 09:48:00,2018-11-07 10:36:00,26055.0,26183.0,26055.0,26096.0,37147.0,1,48,+,128.0,4,3,2,0
2018-11-07 10:36:00,2018-11-07 10:38:00,26096.0,26120.0,26096.0,26120.0,1305.0,0,2,+,24.0,1,0,0,0
2018-11-07 10:38:00,2018-11-07 10:40:00,26120.0,26129.0,26101.0,26101.0,1238.0,1,2,-,28.0,1,0,0,0
2018-11-07 10:40:00,2018-11-07 10:43:00,26101.0,26119.0,26101.0,26119.0,1101.0,0,3,+,18.0,1,0,0,0
2018-11-07 10:43:00,2018-11-07 10:45:00,26119.0,26125.0,26112.0,26112.0,633.0,1,2,-,13.0,1,0,0,0
2018-11-07 10:45:00,2018-11-07 10:49:00,26112.0,26136.0,26087.0,26136.0,2554.0,0,4,+,49.0,1,1,1,0
2018-11-07 10:49:00,2018-11-07 10:52:00,26136.0,26142.0,26116.0,26116.0,2203.0,1,3,-,26.0,0,1,0,0
2018-11-07 10:52:00,2018-11-07 10:57:00,26116.0,26132.0,26103.0,26132.0,2365.0,0,5,+,29.0,0,1,0,0
2018-11-07 10:57:00,2018-11-07 10:59:00,26132.0,26132.0,26121.0,26121.0,603.0,1,2,-,11.0,0,1,0,0
2018-11-07 10:59:00,2018-11-07 11:00:00,26121.0,26144.0,26121.0,26144.0,819.0,0,1,+,23.0,0,1,1,0
2018-11-07 11:00:00,2018-11-07 13:17:00,26144.0,26521.0,26144.0,26363.0,59790.0,1,77,+,377.0,5,5,9,5
2018-11-07 13:17:00,2018-11-07 14:35:00,26363.0,26363.0,25879.0,26023.0,75556.0,0,78,-,484.0,3,3,4,8
2018-11-07 14:35:00,2018-11-07 15:16:00,26023.0,26156.0,26014.0,26014.0,21588.0,1,41,+,142.0,2,2,3,3
2018-11-07 15:16:00,2018-11-07 15:27:00,26014.0,26051.0,25987.0,26051.0,5966.0,0,11,+,64.0,1,1,0,1
2018-11-07 15:27:00,2018-11-07 15:28:00,26051.0,26051.0,26035.0,26035.0,224.0,1,1,-,16.0,0,1,0,0
2018-11-07 15:28:00,2018-11-07 15:32:00,26035.0,26058.0,26029.0,26058.0,1768.0,0,4,+,29.0,0,1,0,0
2018-11-07 15:32:00,2018-11-07 15:33:00,26058.0,26058.0,26053.0,26053.0,354.0,1,1,-,5.0,0,1,0,0
2018-11-07 15:33:00,2018-11-07 16:01:00,26053.0,26062.0,26003.0,26062.0,8968.0,0,28,+,59.0,1,2,0,0
2018-11-07 16:01:00,2018-11-07 16:04:00,26062.0,26062.0,26047.0,26047.0,921.0,1,3,-,15.0,0,1,0,0
2018-11-07 16:04:00,2018-11-07 16:05:00,26047.0,26061.0,26047.0,26061.0,267.0,0,1,+,14.0,0,1,0,0
2018-11-07 16:05:00,2018-11-07 18:27:00,26061.0,26377.0,26061.0,26332.0,17088.0,1,97,+,316.0,4,4,5,1
2018-11-07 18:27:00,2018-11-07 18:32:00,26332.0,26339.0,26325.0,26339.0,505.0,0,5,+,14.0,1,0,0,0
2018-11-07 18:32:00,2018-11-07 18:36:00,26339.0,26346.0,26337.0,26337.0,176.0,1,4,+,9.0,1,1,0,0
2018-11-07 18:36:00,2018-11-07 18:37:00,26337.0,26343.0,26337.0,26343.0,42.0,0,1,+,6.0,0,1,0,0
2018-11-07 18:37:00,2018-11-07 18:46:00,26343.0,26362.0,26341.0,26342.0,462.0,1,9,+,21.0,0,1,0,0
2018-11-07 18:46:00,2018-11-07 18:49:00,26342.0,26351.0,26340.0,26351.0,213.0,0,3,+,11.0,1,1,1,0
2018-11-07 18:49:00,2018-11-07 18:52:00,26351.0,26359.0,26345.0,26345.0,238.0,1,3,-,14.0,2,1,0,0
2018-11-07 18:52:00,2018-11-07 18:59:00,26345.0,26349.0,26333.0,26349.0,281.0,0,7,+,16.0,1,0,0,1
2018-11-07 18:59:00,2018-11-07 19:00:00,26349.0,26349.0,26346.0,26346.0,30.0,1,1,-,3.0,1,0,0,0
2018-11-07 19:00:00,2018-11-07 19:02:00,26346.0,26350.0,26344.0,26350.0,83.0,0,2,+,6.0,1,1,0,0
2018-11-07 19:02:00,2018-11-07 19:06:00,26350.0,26353.0,26346.0,26346.0,115.0,1,4,-,7.0,0,1,0,0
2018-11-07 19:06:00,2018-11-07 19:08:00,26346.0,26347.0,26343.0,26347.0,79.0,0,2,+,4.0,1,1,0,0
2018-11-07 19:08:00,2018-11-07 19:09:00,26347.0,26347.0,26345.0,26345.0,36.0,1,1,-,2.0,1,0,0,0
2018-11-07 19:09:00,2018-11-07 19:11:00,26345.0,26348.0,26344.0,26348.0,49.0,0,2,+,4.0,1,0,0,0
2018-11-07 19:11:00,2018-11-07 19:13:00,26348.0,26353.0,26340.0,26340.0,73.0,1,2,-,13.0,2,1,0,1
2018-11-07 19:13:00,2018-11-07 19:18:00,26340.0,26344.0,26334.0,26344.0,264.0,0,5,+,10.0,1,0,0,0
2018-11-07 19:18:00,2018-11-07 19:42:00,26344.0,26383.0,26344.0,26351.0,1494.0,1,24,-,39.0,2,1,1,1
2018-11-07 19:42:00,2018-11-07 19:43:00,26351.0,26352.0,26351.0,26352.0,33.0,0,1,+,1.0,1,0,0,0
2018-11-07 19:43:00,2018-11-07 19:44:00,26352.0,26352.0,26343.0,26343.0,47.0,1,1,-,9.0,1,0,0,0
2018-11-07 19:44:00,2018-11-07 20:06:00,26343.0,26356.0,26323.0,26356.0,1488.0,0,22,+,33.0,1,1,2,1
2018-11-07 20:06:00,2018-11-07 20:07:00,26356.0,26356.0,26343.0,26343.0,115.0,1,1,-,13.0,0,1,0,1
2018-11-07 20:07:00,2018-11-07 20:15:00,26343.0,26346.0,26335.0,26346.0,211.0,0,8,+,11.0,0,1,0,0
2018-11-07 20:15:00,2018-11-07 20:16:00,26346.0,26346.0,26344.0,26344.0,8.0,1,1,-,2.0,0,1,0,0
2018-11-07 20:16:00,2018-11-07 20:31:00,26344.0,26345.0,26334.0,26343.0,476.0,0,15,-,11.0,1,1,0,0
2018-11-07 20:31:00,2018-11-07 20:37:00,26343.0,26361.0,26327.0,26327.0,498.0,1,6,-,34.0,2,1,1,2
2018-11-07 20:37:00,2018-11-07 21:21:00,26327.0,26335.0,26277.0,26316.0,3693.0,0,44,-,58.0,3,3,3,4
2018-11-07 21:21:00,2018-11-07 21:22:00,26316.0,26316.0,26308.0,26308.0,72.0,1,1,-,8.0,0,1,0,0
2018-11-07 21:22:00,2018-11-07 21:23:00,26308.0,26317.0,26308.0,26317.0,43.0,0,1,+,9.0,0,1,1,0
2018-11-07 21:23:00,2018-11-07 21:56:00,26317.0,26354.0,26314.0,26314.0,2687.0,1,33,-,40.0,2,2,3,2
2018-11-07 21:56:00,2018-11-07 22:02:00,26314.0,26323.0,26300.0,26323.0,542.0,0,6,+,23.0,1,0,1,1
2018-11-07 22:02:00,2018-11-07 22:03:00,26323.0,26323.0,26313.0,26313.0,67.0,1,1,-,10.0,1,0,0,0
2018-11-07 22:03:00,2018-11-07 22:07:00,26313.0,26327.0,26308.0,26327.0,126.0,0,4,+,19.0,1,1,1,0
2018-11-07 22:07:00,2018-11-07 22:08:00,26327.0,26327.0,26317.0,26317.0,53.0,1,1,-,10.0,0,1,0,1
2018-11-07 22:08:00,2018-11-07 22:09:00,26317.0,26332.0,26317.0,26332.0,64.0,0,1,+,15.0,0,1,0,0
2018-11-07 22:09:00,2018-11-07 22:13:00,26332.0,26338.0,26311.0,26311.0,274.0,1,4,-,27.0,0,1,0,1
2018-11-07 22:13:00,2018-11-07 22:28:00,26311.0,26333.0,26298.0,26333.0,1339.0,0,15,+,35.0,1,2,0,0
2018-11-07 22:28:00,2018-11-07 22:32:00,26333.0,26345.0,26316.0,26316.0,970.0,1,4,-,29.0,0,1,1,1
2018-11-07 22:32:00,2018-11-07 22:33:00,26316.0,26338.0,26316.0,26338.0,174.0,0,1,+,22.0,0,1,1,0
2018-11-07 22:33:00,2018-11-07 22:40:00,26338.0,26341.0,26318.0,26318.0,1394.0,1,7,+,23.0,1,1,0,2
2018-11-07 22:40:00,2018-11-07 23:26:00,26318.0,26318.0,26197.0,26260.0,8794.0,0,46,-,121.0,1,1,2,7
2018-11-07 23:26:00,2018-11-07 23:27:00,26260.0,26260.0,26245.0,26245.0,134.0,1,1,-,15.0,0,1,0,0
2018-11-07 23:27:00,2018-11-07 23:29:00,26245.0,26255.0,26245.0,26255.0,149.0,0,2,+,10.0,0,1,0,0
2018-11-07 23:29:00,2018-11-08 00:00:00,26255.0,26336.0,26255.0,26289.0,3217.0,0,31,+,81.0,1,1,4,1
2018-11-08 00:00:00,2018-11-08 00:26:00,26289.0,26331.0,26284.0,26301.0,1710.0,1,26,-,47.0,2,1,1,0
2018-11-08 00:26:00,2018-11-08 00:31:00,26301.0,26310.0,26293.0,26310.0,232.0,0,5,+,17.0,1,0,0,0
2018-11-08 00:31:00,2018-11-08 00:32:00,26310.0,26310.0,26305.0,26305.0,28.0,1,1,-,5.0,1,0,0,0
2018-11-08 00:32:00,2018-11-08 00:36:00,26305.0,26315.0,26303.0,26315.0,124.0,0,4,+,12.0,1,1,0,0
2018-11-08 00:36:00,2018-11-08 00:43:00,26315.0,26318.0,26309.0,26309.0,249.0,1,7,+,9.0,0,1,0,0
2018-11-08 00:43:00,2018-11-08 00:46:00,26309.0,26313.0,26301.0,26313.0,181.0,0,3,+,12.0,1,1,0,0
2018-11-08 00:46:00,2018-11-08 09:39:00,26313.0,26507.0,26313.0,26371.0,24867.0,1,38,+,194.0,2,1,4,6
2018-11-08 09:39:00,2018-11-08 09:42:00,26371.0,26405.0,26371.0,26405.0,2419.0,0,3,+,34.0,1,0,0,0
2018-11-08 09:42:00,2018-11-08 09:47:00,26405.0,26423.0,26368.0,26368.0,4383.0,1,5,-,55.0,1,0,0,1
2018-11-08 09:47:00,2018-11-08 10:22:00,26368.0,26417.0,26284.0,26417.0,26305.0,0,35,+,133.0,2,2,1,0
2018-11-08 10:22:00,2018-11-08 10:27:00,26417.0,26417.0,26362.0,26362.0,4088.0,1,5,-,55.0,0,1,0,1
2018-11-08 10:27:00,2018-11-08 10:28:00,26362.0,26377.0,26362.0,26377.0,515.0,0,1,+,15.0,0,1,0,0
2018-11-08 10:28:00,2018-11-08 10:39:00,26377.0,26413.0,26355.0,26355.0,6969.0,1,11,-,58.0,1,1,0,1
2018-11-08 10:39:00,2018-11-08 10:55:00,26355.0,26355.0,26310.0,26353.0,10314.0,0,16,-,45.0,1,1,0,0
2018-11-08 10:55:00,2018-11-08 10:58:00,26353.0,26358.0,26328.0,26328.0,1478.0,1,3,-,30.0,0,1,0,1
2018-11-08 10:58:00,2018-11-08 11:00:00,26328.0,26366.0,26326.0,26366.0,1550.0,0,2,+,40.0,0,1,1,0
2018-11-08 11:00:00,2018-11-08 11:10:00,26366.0,26392.0,26354.0,26354.0,6093.0,1,10,-,38.0,1,1,0,0
2018-11-08 11:10:00,2018-11-08 11:14:00,26354.0,26368.0,26353.0,26368.0,1608.0,0,4,+,15.0,1,0,0,0
2018-11-08 11:14:00,2018-11-08 11:18:00,26368.0,26376.0,26356.0,26356.0,1813.0,1,4,-,20.0,2,1,0,0
2018-11-08 11:18:00,2018-11-08 11:23:00,26356.0,26379.0,26342.0,26379.0,2239.0,0,5,+,37.0,1,0,1,0
2018-11-08 11:23:00,2018-11-08 11:27:00,26379.0,26379.0,26353.0,26353.0,1264.0,1,4,-,26.0,2,1,0,0
2018-11-08 11:27:00,2018-11-08 11:28:00,26353.0,26359.0,26353.0,26359.0,278.0,0,1,+,6.0,1,0,0,0
2018-11-08 11:28:00,2018-11-08 11:44:00,26359.0,26383.0,26358.0,26358.0,3150.0,1,16,+,25.0,2,1,0,0
2018-11-08 11:44:00,2018-11-08 11:45:00,26358.0,26364.0,26358.0,26364.0,208.0,0,1,+,6.0,1,0,0,0
2018-11-08 11:45:00,2018-11-08 13:00:00,26364.0,26404.0,26362.0,26368.0,3223.0,1,15,+,42.0,1,1,0,1
2018-11-08 13:00:00,2018-11-08 13:01:00,26368.0,26373.0,26368.0,26373.0,582.0,0,1,+,5.0,1,1,0,0
2018-11-08 13:01:00,2018-11-08 13:02:00,26373.0,26373.0,26363.0,26363.0,290.0,1,1,-,10.0,1,0,0,0
2018-11-08 13:02:00,2018-11-08 13:33:00,26363.0,26363.0,26303.0,26354.0,14804.0,0,31,-,60.0,2,2,1,2
2018-11-08 13:33:00,2018-11-08 13:35:00,26354.0,26355.0,26349.0,26349.0,654.0,1,2,-,6.0,0,1,0,0
2018-11-08 13:35:00,2018-11-08 13:36:00,26349.0,26349.0,26349.0,26349.0,330.0,0,1,-,0.0,0,1,0,0
2018-11-08 13:36:00,2018-11-08 13:39:00,26349.0,26367.0,26342.0,26342.0,1773.0,1,3,+,25.0,0,1,1,1
2018-11-08 13:39:00,2018-11-08 13:46:00,26342.0,26344.0,26323.0,26344.0,2626.0,0,7,+,21.0,1,1,0,1
2018-11-08 13:46:00,2018-11-08 13:48:00,26344.0,26347.0,26339.0,26339.0,561.0,1,2,-,8.0,1,1,0,0
2018-11-08 13:48:00,2018-11-08 13:49:00,26339.0,26350.0,26339.0,26350.0,325.0,0,1,+,11.0,0,1,0,0
2018-11-08 13:49:00,2018-11-08 13:55:00,26350.0,26353.0,26336.0,26336.0,1738.0,1,6,+,17.0,1,1,0,0
2018-11-08 13:55:00,2018-11-08 13:56:00,26336.0,26341.0,26336.0,26341.0,248.0,0,1,+,5.0,1,0,0,0
2018-11-08 13:56:00,2018-11-08 14:12:00,26341.0,26380.0,26325.0,26325.0,6238.0,1,16,-,55.0,2,1,1,2
2018-11-08 14:12:00,2018-11-08 15:40:00,26325.0,26325.0,26124.0,26200.0,44641.0,0,88,-,201.0,3,3,4,10
2018-11-08 15:40:00,2018-11-08 16:16:00,26200.0,26247.0,26182.0,26185.0,12325.0,1,36,+,65.0,2,2,1,0
2018-11-08 16:16:00,2018-11-08 16:17:00,26185.0,26189.0,26185.0,26189.0,344.0,0,1,+,4.0,1,0,0,0
2018-11-08 16:17:00,2018-11-08 16:19:00,26189.0,26190.0,26185.0,26185.0,209.0,1,2,-,5.0,1,0,0,0
2018-11-08 16:19:00,2018-11-08 16:21:00,26185.0,26193.0,26179.0,26193.0,450.0,0,2,+,14.0,1,0,0,0
2018-11-08 16:21:00,2018-11-08 16:24:00,26193.0,26193.0,26190.0,26190.0,264.0,1,3,-,3.0,1,1,0,0
2018-11-08 16:24:00,2018-11-08 16:25:00,26190.0,26201.0,26190.0,26201.0,284.0,0,1,+,11.0,0,1,0,0
2018-11-08 16:25:00,2018-11-08 17:15:00,26201.0,26224.0,26191.0,26191.0,996.0,1,5,+,33.0,0,1,0,0
2018-11-08 17:15:00,2018-11-08 17:16:00,26191.0,26202.0,26191.0,26202.0,103.0,0,1,+,11.0,0,1,0,0
2018-11-08 17:16:00,2018-11-08 17:23:00,26202.0,26211.0,26200.0,26200.0,376.0,1,7,-,11.0,1,1,0,0
2018-11-08 17:23:00,2018-11-08 17:24:00,26200.0,26204.0,26200.0,26204.0,29.0,0,1,+,4.0,1,0,0,0
2018-11-08 17:24:00,2018-11-08 17:25:00,26204.0,26204.0,26198.0,26198.0,53.0,1,1,-,6.0,1,0,0,0
2018-11-08 17:25:00,2018-11-08 18:48:00,26198.0,26198.0,26074.0,26118.0,6656.0,0,83,-,124.0,4,4,4,9
2018-11-08 18:48:00,2018-11-08 19:24:00,26118.0,26137.0,26092.0,26092.0,2203.0,1,36,-,45.0,3,3,1,1
2018-11-08 19:24:00,2018-11-08 20:05:00,26092.0,26100.0,26066.0,26097.0,2855.0,0,41,-,34.0,1,1,3,2
2018-11-08 20:05:00,2018-11-08 20:06:00,26097.0,26097.0,26095.0,26095.0,40.0,1,1,-,2.0,0,1,0,0
2018-11-08 20:06:00,2018-11-08 20:10:00,26095.0,26098.0,26086.0,26098.0,146.0,0,4,+,12.0,0,1,0,1
2018-11-08 20:10:00,2018-11-08 21:13:00,26098.0,26145.0,26098.0,26115.0,3379.0,1,63,+,47.0,3,3,7,2
2018-11-08 21:13:00,2018-11-08 21:14:00,26115.0,26124.0,26115.0,26124.0,99.0,0,1,+,9.0,1,0,0,0
2018-11-08 21:14:00,2018-11-08 21:17:00,26124.0,26126.0,26118.0,26118.0,118.0,1,3,-,8.0,1,0,0,0
2018-11-08 21:17:00,2018-11-08 21:19:00,26118.0,26139.0,26113.0,26139.0,177.0,0,2,+,26.0,1,1,1,0
2018-11-08 21:19:00,2018-11-08 21:27:00,26139.0,26140.0,26123.0,26123.0,534.0,1,8,-,17.0,1,1,0,0
2018-11-08 21:27:00,2018-11-08 21:30:00,26123.0,26126.0,26120.0,26126.0,135.0,0,3,+,6.0,1,0,0,0
2018-11-08 21:30:00,2018-11-08 21:31:00,26126.0,26126.0,26123.0,26123.0,20.0,1,1,-,3.0,1,0,0,0
2018-11-08 21:31:00,2018-11-08 21:35:00,26123.0,26126.0,26118.0,26126.0,146.0,0,4,+,8.0,1,0,1,0
2018-11-08 21:35:00,2018-11-08 21:37:00,26126.0,26126.0,26121.0,26121.0,80.0,1,2,-,5.0,1,0,0,0
2018-11-08 21:37:00,2018-11-08 21:39:00,26121.0,26127.0,26120.0,26127.0,66.0,0,2,+,7.0,1,1,0,0
2018-11-08 21:39:00,2018-11-08 21:40:00,26127.0,26127.0,26123.0,26123.0,19.0,1,1,-,4.0,0,1,0,0
2018-11-08 21:40:00,2018-11-08 21:51:00,26123.0,26130.0,26101.0,26130.0,1076.0,0,11,+,29.0,1,2,1,1
2018-11-08 21:51:00,2018-11-08 22:00:00,26130.0,26139.0,26119.0,26119.0,542.0,1,9,-,20.0,1,1,0,0
2018-11-08 22:00:00,2018-11-08 22:03:00,26119.0,26132.0,26119.0,26132.0,132.0,0,3,+,13.0,1,0,1,0
2018-11-08 22:03:00,2018-11-08 22:27:00,26132.0,26152.0,26123.0,26123.0,1305.0,1,24,+,29.0,3,2,2,3
2018-11-08 22:27:00,2018-11-08 22:30:00,26123.0,26148.0,26108.0,26148.0,628.0,0,3,+,40.0,1,0,2,1
2018-11-08 22:30:00,2018-11-08 22:33:00,26148.0,26148.0,26114.0,26114.0,737.0,1,3,-,34.0,2,1,0,1
2018-11-08 22:33:00,2018-11-08 22:38:00,26114.0,26173.0,26111.0,26173.0,1227.0,0,5,+,62.0,1,1,1,0
2018-11-08 22:38:00,2018-11-08 23:06:00,26173.0,26225.0,26146.0,26146.0,5420.0,1,28,-,79.0,1,1,3,3
2018-11-08 23:06:00,2018-11-08 23:50:00,26146.0,26147.0,26102.0,26139.0,4726.0,0,44,-,45.0,2,2,1,2
2018-11-08 23:50:00,2018-11-09 00:00:00,26139.0,26148.0,26137.0,26137.0,608.0,0,10,+,11.0,0,1,0,0
2018-11-09 00:00:00,2018-11-09 00:22:00,26137.0,26154.0,26134.0,26134.0,946.0,1,22,-,20.0,2,2,0,0
2018-11-09 00:22:00,2018-11-09 00:30:00,26134.0,26135.0,26118.0,26135.0,498.0,0,8,+,17.0,1,0,1,1
2018-11-09 00:30:00,2018-11-09 00:49:00,26135.0,26161.0,26135.0,26141.0,824.0,1,19,+,26.0,2,1,2,1
2018-11-09 00:49:00,2018-11-09 10:29:00,26141.0,26141.0,25664.0,25741.0,64848.0,0,85,-,477.0,3,3,6,13
2018-11-09 10:29:00,2018-11-09 10:30:00,25741.0,25741.0,25707.0,25707.0,868.0,1,1,-,34.0,0,1,0,1
2018-11-09 10:30:00,2018-11-09 10:39:00,25707.0,25730.0,25696.0,25730.0,4410.0,0,9,+,34.0,0,1,1,0
2018-11-09 10:39:00,2018-11-09 10:46:00,25730.0,25741.0,25712.0,25712.0,3363.0,1,7,-,29.0,0,1,0,0
2018-11-09 10:46:00,2018-11-09 10:51:00,25712.0,25717.0,25706.0,25717.0,1660.0,0,5,+,11.0,1,1,0,0
2018-11-09 10:51:00,2018-11-09 10:52:00,25717.0,25717.0,25697.0,25697.0,466.0,1,1,-,20.0,1,0,0,0
2018-11-09 10:52:00,2018-11-09 13:04:00,25697.0,25697.0,25545.0,25594.0,35415.0,0,72,-,152.0,3,3,2,5
2018-11-09 13:04:00,2018-11-09 13:05:00,25594.0,25594.0,25587.0,25587.0,474.0,1,1,-,7.0,0,1,0,0
2018-11-09 13:05:00,2018-11-09 13:16:00,25587.0,25588.0,25558.0,25578.0,3997.0,0,11,-,30.0,1,2,0,1
2018-11-09 13:16:00,2018-11-09 13:17:00,25578.0,25578.0,25575.0,25575.0,442.0,1,1,-,3.0,0,1,0,0
2018-11-09 13:17:00,2018-11-09 13:18:00,25575.0,25580.0,25575.0,25580.0,282.0,0,1,+,5.0,0,1,0,0
2018-11-09 13:18:00,2018-11-09 13:22:00,25580.0,25585.0,25574.0,25574.0,1132.0,1,4,-,11.0,0,1,0,0
2018-11-09 13:22:00,2018-11-09 13:24:00,25574.0,25579.0,25574.0,25579.0,716.0,0,2,+,5.0,0,1,0,0
2018-11-09 13:24:00,2018-11-09 13:44:00,25579.0,25648.0,25575.0,25575.0,11471.0,1,20,+,73.0,1,1,2,1
2018-11-09 13:44:00,2018-11-09 14:20:00,25575.0,25575.0,25502.0,25567.0,19076.0,0,36,-,73.0,2,2,2,2
2018-11-09 14:20:00,2018-11-09 14:24:00,25567.0,25567.0,25558.0,25558.0,1823.0,1,4,-,9.0,0,1,0,0
2018-11-09 14:24:00,2018-11-09 14:26:00,25558.0,25575.0,25558.0,25575.0,945.0,0,2,+,17.0,0,1,1,0
2018-11-09 14:26:00,2018-11-09 14:27:00,25575.0,25575.0,25550.0,25550.0,605.0,1,1,-,25.0,0,1,0,1
2018-11-09 14:27:00,2018-11-09 14:28:00,25550.0,25559.0,25550.0,25559.0,380.0,0,1,+,9.0,0,1,0,0
2018-11-09 14:28:00,2018-11-09 14:31:00,25559.0,25567.0,25554.0,25554.0,971.0,1,3,-,13.0,0,1,0,0
2018-11-09 14:31:00,2018-11-09 14:33:00,25554.0,25557.0,25552.0,25557.0,468.0,0,2,+,5.0,1,1,0,0
2018-11-09 14:33:00,2018-11-09 14:40:00,25557.0,25563.0,25543.0,25543.0,2096.0,1,7,+,20.0,1,0,0,1
2018-11-09 14:40:00,2018-11-09 14:42:00,25543.0,25548.0,25541.0,25548.0,623.0,0,2,+,7.0,1,0,0,0
2018-11-09 14:42:00,2018-11-09 14:44:00,25548.0,25548.0,25542.0,25542.0,784.0,1,2,-,6.0,1,0,0,0
2018-11-09 14:44:00,2018-11-09 14:45:00,25542.0,25545.0,25542.0,25545.0,224.0,0,1,+,3.0,1,0,0,0
2018-11-09 14:45:00,2018-11-09 14:46:00,25545.0,25545.0,25539.0,25539.0,156.0,1,1,-,6.0,1,0,0,0
2018-11-09 14:46:00,2018-11-09 14:47:00,25539.0,25544.0,25539.0,25544.0,211.0,0,1,+,5.0,1,0,0,0
2018-11-09 14:47:00,2018-11-09 14:50:00,25544.0,25545.0,25532.0,25532.0,860.0,1,3,-,13.0,1,0,0,0
2018-11-09 14:50:00,2018-11-09 14:54:00,25532.0,25542.0,25532.0,25542.0,861.0,0,4,+,10.0,1,0,0,0
2018-11-09 14:54:00,2018-11-09 14:55:00,25542.0,25542.0,25531.0,25531.0,172.0,1,1,-,11.0,1,0,0,0
2018-11-09 14:55:00,2018-11-09 15:09:00,25531.0,25546.0,25520.0,25546.0,3107.0,0,14,+,26.0,1,1,0,0
2018-11-09 15:09:00,2018-11-09 15:10:00,25546.0,25546.0,25536.0,25536.0,203.0,1,1,-,10.0,0,1,0,0
2018-11-09 15:10:00,2018-11-09 15:41:00,25536.0,25536.0,25410.0,25514.0,15989.0,0,31,-,126.0,1,2,5,4
2018-11-09 15:41:00,2018-11-09 15:43:00,25514.0,25514.0,25501.0,25501.0,615.0,1,2,-,13.0,0,1,0,0
2018-11-09 15:43:00,2018-11-09 15:44:00,25501.0,25508.0,25501.0,25508.0,513.0,0,1,+,7.0,0,1,0,0
2018-11-09 15:44:00,2018-11-09 16:23:00,25508.0,25568.0,25505.0,25510.0,16639.0,1,39,-,63.0,1,1,1,2
2018-11-09 16:23:00,2018-11-09 17:19:00,25510.0,25522.0,25462.0,25522.0,2852.0,0,11,+,60.0,1,1,2,1
2018-11-09 17:19:00,2018-11-09 17:23:00,25522.0,25534.0,25518.0,25518.0,408.0,1,4,-,16.0,0,1,0,0
2018-11-09 17:23:00,2018-11-09 17:28:00,25518.0,25527.0,25512.0,25527.0,496.0,0,5,+,15.0,0,1,0,0
2018-11-09 17:28:00,2018-11-09 17:29:00,25527.0,25527.0,25513.0,25513.0,100.0,1,1,-,14.0,0,1,0,0
2018-11-09 17:29:00,2018-11-09 19:51:00,25513.0,25514.0,25319.0,25358.0,10398.0,0,142,-,195.0,5,6,7,8
2018-11-09 19:51:00,2018-11-09 19:52:00,25358.0,25358.0,25347.0,25347.0,49.0,1,1,-,11.0,0,1,0,0
2018-11-09 19:52:00,2018-11-09 19:58:00,25347.0,25365.0,25344.0,25365.0,303.0,0,6,+,21.0,0,1,1,0
2018-11-09 19:58:00,2018-11-09 21:28:00,25365.0,25430.0,25359.0,25404.0,6003.0,1,90,+,71.0,7,7,7,4
2018-11-09 21:28:00,2018-11-09 21:55:00,25404.0,25404.0,25358.0,25399.0,2462.0,0,27,-,46.0,1,1,0,2
2018-11-09 21:55:00,2018-11-09 21:56:00,25399.0,25399.0,25395.0,25395.0,48.0,1,1,-,4.0,0,1,0,0
2018-11-09 21:56:00,2018-11-09 21:57:00,25395.0,25405.0,25395.0,25405.0,34.0,0,1,+,10.0,0,1,0,0
2018-11-09 21:57:00,2018-11-09 22:00:00,25405.0,25405.0,25390.0,25390.0,119.0,1,3,-,15.0,0,1,0,1
2018-11-09 22:00:00,2018-11-09 22:04:00,25390.0,25411.0,25386.0,25411.0,437.0,0,4,+,25.0,1,2,1,0
2018-11-09 22:04:00,2018-11-09 22:29:00,25411.0,25417.0,25391.0,25391.0,1279.0,1,25,+,26.0,2,2,0,2
2018-11-09 22:29:00,2018-11-09 22:31:00,25391.0,25400.0,25389.0,25400.0,342.0,0,2,+,11.0,1,0,0,0
2018-11-09 22:31:00,2018-11-09 22:38:00,25400.0,25427.0,25390.0,25390.0,1646.0,1,7,-,37.0,2,1,2,1
2018-11-09 22:38:00,2018-11-09 22:56:00,25390.0,25405.0,25350.0,25405.0,2792.0,0,18,+,55.0,1,1,1,1
2018-11-09 22:56:00,2018-11-09 22:58:00,25405.0,25405.0,25367.0,25367.0,259.0,1,2,-,38.0,0,1,0,1
2018-11-09 22:58:00,2018-11-09 23:00:00,25367.0,25396.0,25367.0,25396.0,256.0,0,2,+,29.0,0,1,1,0
2018-11-09 23:00:00,2018-11-09 23:02:00,25396.0,25402.0,25389.0,25389.0,194.0,1,2,-,13.0,0,1,0,0
2018-11-09 23:02:00,2018-11-09 23:06:00,25389.0,25403.0,25383.0,25403.0,287.0,0,4,+,20.0,0,1,0,0
2018-11-09 23:06:00,2018-11-09 23:08:00,25403.0,25403.0,25387.0,25387.0,152.0,1,2,-,16.0,0,1,0,0
2018-11-09 23:08:00,2018-11-09 23:29:00,25387.0,25387.0,25328.0,25380.0,2653.0,0,21,-,59.0,1,2,1,1
2018-11-09 23:29:00,2018-11-09 23:30:00,25380.0,25380.0,25371.0,25371.0,112.0,1,1,-,9.0,0,1,0,0
2018-11-09 23:30:00,2018-11-09 23:33:00,25371.0,25373.0,25368.0,25373.0,268.0,0,3,+,5.0,0,1,0,0
2018-11-09 23:33:00,2018-11-10 00:00:00,25373.0,25431.0,25373.0,25431.0,3393.0,0,27,+,58.0,1,1,1,0
2018-11-10 00:00:00,2018-11-10 00:05:00,25431.0,25431.0,25371.0,25371.0,869.0,1,5,-,60.0,2,1,0,2
2018-11-10 00:05:00,2018-11-10 00:15:00,25371.0,25386.0,25356.0,25386.0,943.0,0,10,+,30.0,1,0,2,0
2018-11-10 00:15:00,2018-11-10 00:16:00,25386.0,25386.0,25375.0,25375.0,47.0,1,1,-,11.0,1,0,0,0
2018-11-10 00:16:00,2018-11-10 00:17:00,25375.0,25393.0,25375.0,25393.0,115.0,0,1,+,18.0,1,1,1,0
2018-11-10 00:17:00,2018-11-10 00:18:00,25393.0,25393.0,25371.0,25371.0,91.0,1,1,-,22.0,0,1,0,1
2018-11-10 00:18:00,2018-11-10 00:21:00,25371.0,25394.0,25370.0,25394.0,359.0,0,3,+,24.0,0,1,0,0
2018-11-10 00:21:00,2018-11-10 00:37:00,25394.0,25416.0,25391.0,25392.0,1204.0,1,16,+,25.0,1,1,1,0
2018-11-10 00:37:00,2018-11-10 00:39:00,25392.0,25419.0,25392.0,25419.0,172.0,0,2,+,27.0,1,0,1,0
2018-11-10 00:39:00,2018-11-10 00:41:00,25419.0,25419.0,25391.0,25391.0,204.0,1,2,-,28.0,1,0,0,0
2018-11-10 00:41:00,2018-11-10 00:45:00,25391.0,25404.0,25391.0,25404.0,388.0,0,4,+,13.0,1,0,0,0
2018-11-10 00:45:00,2018-11-10 00:46:00,25404.0,25404.0,25390.0,25390.0,139.0,1,1,-,14.0,1,0,0,0
2018-11-10 00:46:00,2018-11-12 09:15:00,25390.0,25544.0,25331.0,25544.0,2734.0,0,14,+,213.0,1,1,1,0
2018-11-12 09:15:00,2018-11-12 09:50:00,25544.0,25715.0,25507.0,25507.0,40143.0,1,35,+,208.0,2,2,5,2
2018-11-12 09:50:00,2018-11-12 09:55:00,25507.0,25524.0,25470.0,25524.0,5516.0,0,5,+,54.0,1,0,0,1
2018-11-12 09:55:00,2018-11-12 10:43:00,25524.0,25670.0,25524.0,25601.0,35272.0,1,48,+,146.0,3,2,3,0
2018-11-12 10:43:00,2018-11-12 10:44:00,25601.0,25618.0,25601.0,25618.0,657.0,0,1,+,17.0,1,0,0,0
2018-11-12 10:44:00,2018-11-12 11:20:00,25618.0,25722.0,25618.0,25668.0,21882.0,1,36,-,104.0,3,2,1,2
2018-11-12 11:20:00,2018-11-12 11:21:00,25668.0,25675.0,25668.0,25675.0,623.0,0,1,+,7.0,1,0,0,0
2018-11-12 11:21:00,2018-11-12 11:22:00,25675.0,25675.0,25670.0,25670.0,315.0,1,1,-,5.0,1,0,0,0
2018-11-12 11:22:00,2018-11-12 11:23:00,25670.0,25679.0,25670.0,25679.0,386.0,0,1,+,9.0,1,0,0,0
2018-11-12 11:23:00,2018-11-12 11:24:00,25679.0,25679.0,25658.0,25658.0,414.0,1,1,-,21.0,1,0,0,0
2018-11-12 11:24:00,2018-11-12 11:27:00,25658.0,25692.0,25658.0,25692.0,1201.0,0,3,+,34.0,1,0,0,0
2018-11-12 11:27:00,2018-11-12 11:48:00,25692.0,25746.0,25688.0,25691.0,7479.0,1,21,-,58.0,2,1,0,1
2018-11-12 11:48:00,2018-11-12 13:31:00,25691.0,25693.0,25595.0,25660.0,15244.0,0,43,-,98.0,1,1,2,1
2018-11-12 13:31:00,2018-11-12 13:33:00,25660.0,25660.0,25642.0,25642.0,653.0,1,2,-,18.0,0,1,0,1
2018-11-12 13:33:00,2018-11-12 13:59:00,25642.0,25642.0,25587.0,25619.0,9963.0,0,26,-,55.0,2,3,1,0
2018-11-12 13:59:00,2018-11-12 14:01:00,25619.0,25622.0,25612.0,25612.0,796.0,1,2,-,10.0,0,1,0,0
2018-11-12 14:01:00,2018-11-12 14:08:00,25612.0,25641.0,25596.0,25641.0,2530.0,0,7,+,45.0,0,1,1,0
2018-11-12 14:08:00,2018-11-12 14:13:00,25641.0,25646.0,25608.0,25608.0,2307.0,1,5,-,38.0,0,1,0,1
2018-11-12 14:13:00,2018-11-12 14:20:00,25608.0,25616.0,25595.0,25616.0,2875.0,0,7,+,21.0,1,1,0,0
2018-11-12 14:20:00,2018-11-12 14:42:00,25616.0,25656.0,25613.0,25615.0,8965.0,1,22,+,43.0,3,2,3,1
2018-11-12 14:42:00,2018-11-12 14:44:00,25615.0,25627.0,25610.0,25627.0,1002.0,0,2,+,17.0,1,0,1,0
2018-11-12 14:44:00,2018-11-12 14:50:00,25627.0,25634.0,25615.0,25615.0,1776.0,1,6,-,19.0,1,0,0,0
2018-11-12 14:50:00,2018-11-12 15:41:00,25615.0,25615.0,25519.0,25577.0,16812.0,0,51,-,96.0,2,2,2,5
2018-11-12 15:41:00,2018-11-12 15:43:00,25577.0,25577.0,25567.0,25567.0,522.0,1,2,-,10.0,0,1,0,0
2018-11-12 15:43:00,2018-11-12 15:45:00,25567.0,25585.0,25567.0,25585.0,473.0,0,2,+,18.0,0,1,1,0
2018-11-12 15:45:00,2018-11-12 16:08:00,25585.0,25618.0,25574.0,25574.0,7053.0,1,23,-,44.0,1,1,2,1
2018-11-12 16:08:00,2018-11-12 16:11:00,25574.0,25579.0,25569.0,25579.0,1034.0,0,3,+,10.0,1,0,0,0
2018-11-12 16:11:00,2018-11-12 16:13:00,25579.0,25579.0,25574.0,25574.0,304.0,1,2,-,5.0,1,0,0,0
2018-11-12 16:13:00,2018-11-12 16:14:00,25574.0,25577.0,25574.0,25577.0,102.0,0,1,+,3.0,1,0,0,0
2018-11-12 16:14:00,2018-11-12 16:16:00,25577.0,25582.0,25574.0,25574.0,544.0,1,2,-,8.0,1,0,0,0
2018-11-12 16:16:00,2018-11-12 16:17:00,25574.0,25578.0,25574.0,25578.0,207.0,0,1,+,4.0,1,0,0,0
2018-11-12 16:17:00,2018-11-12 16:18:00,25578.0,25578.0,25571.0,25571.0,208.0,1,1,-,7.0,1,0,0,0
2018-11-12 16:18:00,2018-11-12 18:37:00,25571.0,25576.0,25474.0,25512.0,7794.0,0,94,-,102.0,5,5,5,6
2018-11-12 18:37:00,2018-11-12 19:09:00,25512.0,25540.0,25498.0,25498.0,1978.0,1,32,-,42.0,1,1,0,2
2018-11-12 19:09:00,2018-11-12 20:04:00,25498.0,25506.0,25470.0,25492.0,2645.0,0,55,-,36.0,2,2,3,4
2018-11-12 20:04:00,2018-11-12 20:13:00,25492.0,25497.0,25482.0,25482.0,378.0,1,9,+,15.0,1,1,0,0
2018-11-12 20:13:00,2018-11-12 20:18:00,25482.0,25488.0,25477.0,25488.0,169.0,0,5,+,11.0,1,0,0,0
2018-11-12 20:18:00,2018-11-12 20:24:00,25488.0,25491.0,25482.0,25482.0,123.0,1,6,+,9.0,1,1,0,1
2018-11-12 20:24:00,2018-11-12 20:25:00,25482.0,25484.0,25482.0,25484.0,16.0,0,1,+,2.0,1,1,0,0
2018-11-12 20:25:00,2018-11-12 20:55:00,25484.0,25513.0,25484.0,25487.0,1346.0,1,30,+,29.0,2,1,4,2
2018-11-12 20:55:00,2018-11-12 21:49:00,25487.0,25487.0,25392.0,25437.0,5584.0,0,54,-,95.0,2,2,1,5
2018-11-12 21:49:00,2018-11-12 22:02:00,25437.0,25449.0,25424.0,25424.0,714.0,1,13,-,25.0,1,1,0,0
2018-11-12 22:02:00,2018-11-12 22:03:00,25424.0,25426.0,25424.0,25426.0,124.0,0,1,+,2.0,1,0,0,0
2018-11-12 22:03:00,2018-11-12 22:04:00,25426.0,25426.0,25422.0,25422.0,78.0,1,1,-,4.0,1,0,0,0
2018-11-12 22:04:00,2018-11-12 22:08:00,25422.0,25428.0,25415.0,25428.0,230.0,0,4,+,13.0,1,0,0,0
2018-11-12 22:08:00,2018-11-12 22:10:00,25428.0,25430.0,25412.0,25412.0,115.0,1,2,-,18.0,1,0,0,1
2018-11-12 22:10:00,2018-11-12 22:28:00,25412.0,25426.0,25392.0,25426.0,1179.0,0,18,+,34.0,1,1,1,0
2018-11-12 22:28:00,2018-11-12 22:29:00,25426.0,25426.0,25421.0,25421.0,28.0,1,1,-,5.0,0,1,0,0
2018-11-12 22:29:00,2018-11-12 22:30:00,25421.0,25442.0,25421.0,25442.0,265.0,0,1,+,21.0,0,1,1,0
2018-11-12 22:30:00,2018-11-12 22:31:00,25442.0,25442.0,25423.0,25423.0,249.0,1,1,-,19.0,0,1,0,1
2018-11-12 22:31:00,2018-11-13 00:00:00,25423.0,25423.0,25253.0,25253.0,11761.0,1,89,-,170.0,6,6,5,8
2018-11-13 00:00:00,2018-11-13 00:55:00,25253.0,25264.0,25178.0,25218.0,5672.0,0,55,-,86.0,5,5,5,5
2018-11-13 00:55:00,2018-11-13 09:15:00,25218.0,25260.0,25061.0,25061.0,2508.0,1,5,+,199.0,1,1,1,0
2018-11-13 09:15:00,2018-11-13 10:02:00,25061.0,25166.0,25010.0,25166.0,41966.0,0,47,+,156.0,3,3,7,7
2018-11-13 10:02:00,2018-11-13 10:20:00,25166.0,25212.0,25104.0,25104.0,15864.0,1,18,-,108.0,1,1,0,0
2018-11-13 10:20:00,2018-11-13 10:27:00,25104.0,25121.0,25069.0,25121.0,5298.0,0,7,+,52.0,1,0,0,0
2018-11-13 10:27:00,2018-11-13 14:15:00,25121.0,25715.0,25118.0,25624.0,135984.0,1,168,+,597.0,9,8,18,6
2018-11-13 14:15:00,2018-11-13 14:16:00,25624.0,25632.0,25624.0,25632.0,483.0,0,1,+,8.0,1,0,0,0
2018-11-13 14:16:00,2018-11-13 14:17:00,25632.0,25632.0,25607.0,25607.0,813.0,1,1,-,25.0,1,0,0,0
2018-11-13 14:17:00,2018-11-13 15:01:00,25607.0,25627.0,25505.0,25623.0,23273.0,0,44,-,122.0,2,2,1,0
2018-11-13 15:01:00,2018-11-13 15:23:00,25623.0,25677.0,25563.0,25563.0,12110.0,1,22,-,114.0,1,1,1,3
2018-11-13 15:23:00,2018-11-13 15:26:00,25563.0,25586.0,25563.0,25586.0,1030.0,0,3,+,23.0,1,0,0,0
2018-11-13 15:26:00,2018-11-13 17:15:00,25586.0,25844.0,25586.0,25723.0,27829.0,1,64,+,258.0,4,3,4,1
2018-11-13 17:15:00,2018-11-13 17:34:00,25723.0,25775.0,25709.0,25775.0,2662.0,0,19,+,66.0,1,1,0,0
2018-11-13 17:34:00,2018-11-13 17:35:00,25775.0,25775.0,25764.0,25764.0,153.0,1,1,-,11.0,0,1,0,0
2018-11-13 17:35:00,2018-11-13 17:37:00,25764.0,25774.0,25764.0,25774.0,120.0,0,2,+,10.0,0,1,0,0
2018-11-13 17:37:00,2018-11-13 17:38:00,25774.0,25774.0,25763.0,25763.0,61.0,1,1,-,11.0,0,1,0,0
2018-11-13 17:38:00,2018-11-13 18:24:00,25763.0,25768.0,25697.0,25740.0,4373.0,0,46,-,71.0,1,2,1,1
2018-11-13 18:24:00,2018-11-13 18:26:00,25740.0,25740.0,25728.0,25728.0,113.0,1,2,-,12.0,0,1,0,0
2018-11-13 18:26:00,2018-11-13 18:39:00,25728.0,25737.0,25707.0,25737.0,751.0,0,13,+,30.0,1,2,1,0
2018-11-13 18:39:00,2018-11-13 20:36:00,25737.0,25909.0,25735.0,25831.0,9597.0,1,117,+,174.0,6,6,12,4
2018-11-13 20:36:00,2018-11-13 22:00:00,25831.0,25844.0,25694.0,25756.0,8853.0,0,84,-,150.0,5,5,3,6
2018-11-13 22:00:00,2018-11-13 22:03:00,25756.0,25756.0,25731.0,25731.0,286.0,1,3,-,25.0,0,1,0,1
2018-11-13 22:03:00,2018-11-13 22:05:00,25731.0,25739.0,25731.0,25739.0,135.0,0,2,+,8.0,0,1,0,0
2018-11-13 22:05:00,2018-11-13 22:06:00,25739.0,25739.0,25725.0,25725.0,69.0,1,1,-,14.0,0,1,0,0
2018-11-13 22:06:00,2018-11-13 22:32:00,25725.0,25725.0,25661.0,25718.0,3568.0,0,26,-,64.0,1,2,2,1
2018-11-13 22:32:00,2018-11-13 22:43:00,25718.0,25753.0,25708.0,25708.0,2062.0,1,11,+,45.0,1,1,1,1
2018-11-13 22:43:00,2018-11-13 22:45:00,25708.0,25721.0,25697.0,25721.0,522.0,0,2,+,24.0,1,0,1,0
2018-11-13 22:45:00,2018-11-13 22:55:00,25721.0,25761.0,25714.0,25714.0,1723.0,1,10,-,47.0,2,1,1,1
2018-11-13 22:55:00,2018-11-13 23:09:00,25714.0,25714.0,25648.0,25707.0,3422.0,0,14,-,66.0,1,1,1,0
2018-11-13 23:09:00,2018-11-13 23:10:00,25707.0,25707.0,25686.0,25686.0,156.0,1,1,-,21.0,0,1,0,1
2018-11-13 23:10:00,2018-11-13 23:15:00,25686.0,25703.0,25675.0,25703.0,721.0,0,5,+,28.0,0,1,0,0
2018-11-13 23:15:00,2018-11-13 23:16:00,25703.0,25703.0,25699.0,25699.0,117.0,1,1,-,4.0,0,1,0,0
2018-11-13 23:16:00,2018-11-13 23:42:00,25699.0,25717.0,25591.0,25717.0,4901.0,0,26,+,126.0,1,2,2,1
2018-11-13 23:42:00,2018-11-14 00:00:00,25717.0,25823.0,25715.0,25820.0,3954.0,0,18,+,108.0,0,1,4,1
2018-11-14 00:00:00,2018-11-14 09:15:00,25820.0,25989.0,25820.0,25830.0,9563.0,1,60,+,169.0,4,4,4,2
2018-11-14 09:15:00,2018-11-14 10:07:00,25830.0,25879.0,25629.0,25769.0,45925.0,0,52,-,250.0,1,1,5,6
2018-11-14 10:07:00,2018-11-14 10:11:00,25769.0,25793.0,25733.0,25733.0,4783.0,1,4,-,60.0,0,1,1,1
2018-11-14 10:11:00,2018-11-14 10:45:00,25733.0,25733.0,25589.0,25662.0,26324.0,0,34,-,144.0,1,2,2,2
2018-11-14 10:45:00,2018-11-14 10:49:00,25662.0,25671.0,25643.0,25643.0,3200.0,1,4,-,28.0,0,1,0,0
2018-11-14 10:49:00,2018-11-14 10:50:00,25643.0,25656.0,25643.0,25656.0,379.0,0,1,+,13.0,0,1,0,0
2018-11-14 10:50:00,2018-11-14 10:57:00,25656.0,25690.0,25655.0,25655.0,3731.0,1,7,+,35.0,0,1,1,1
2018-11-14 10:57:00,2018-11-14 10:58:00,25655.0,25669.0,25655.0,25669.0,336.0,0,1,+,14.0,0,1,0,0
2018-11-14 10:58:00,2018-11-14 11:00:00,25669.0,25669.0,25649.0,25649.0,830.0,1,2,-,20.0,1,1,0,0
2018-11-14 11:00:00,2018-11-14 11:14:00,25649.0,25657.0,25612.0,25645.0,6643.0,0,14,-,45.0,1,1,0,1
2018-11-14 11:14:00,2018-11-14 11:16:00,25645.0,25645.0,25633.0,25633.0,824.0,1,2,-,12.0,0,1,0,0
2018-11-14 11:16:00,2018-11-14 11:18:00,25633.0,25637.0,25632.0,25637.0,424.0,0,2,+,5.0,0,1,0,0
2018-11-14 11:18:00,2018-11-14 11:19:00,25637.0,25637.0,25633.0,25633.0,223.0,1,1,-,4.0,0,1,0,0
2018-11-14 11:19:00,2018-11-14 11:21:00,25633.0,25697.0,25633.0,25697.0,1708.0,0,2,+,64.0,0,1,1,0
2018-11-14 11:21:00,2018-11-14 13:00:00,25697.0,25780.0,25660.0,25660.0,16310.0,1,39,-,120.0,1,1,0,2
2018-11-14 13:00:00,2018-11-14 14:20:00,25660.0,25705.0,25593.0,25661.0,34072.0,0,80,-,112.0,4,4,3,7
2018-11-14 14:20:00,2018-11-14 14:22:00,25661.0,25661.0,25628.0,25628.0,1020.0,1,2,-,33.0,0,1,0,1
2018-11-14 14:22:00,2018-11-14 14:27:00,25628.0,25632.0,25617.0,25632.0,1466.0,0,5,+,15.0,0,1,0,0
2018-11-14 14:27:00,2018-11-14 14:28:00,25632.0,25632.0,25620.0,25620.0,166.0,1,1,-,12.0,1,1,0,0
2018-11-14 14:28:00,2018-11-14 14:31:00,25620.0,25632.0,25603.0,25632.0,1438.0,0,3,+,29.0,1,0,0,0
2018-11-14 14:31:00,2018-11-14 14:38:00,25632.0,25653.0,25619.0,25619.0,2248.0,1,7,-,34.0,2,1,0,1
2018-11-14 14:38:00,2018-11-14 14:39:00,25619.0,25631.0,25619.0,25631.0,257.0,0,1,+,12.0,1,0,0,0
2018-11-14 14:39:00,2018-11-14 14:40:00,25631.0,25631.0,25619.0,25619.0,188.0,1,1,-,12.0,1,0,0,0
2018-11-14 14:40:00,2018-11-14 14:45:00,25619.0,25623.0,25613.0,25623.0,930.0,0,5,+,10.0,1,0,0,0
2018-11-14 14:45:00,2018-11-14 14:46:00,25623.0,25623.0,25616.0,25616.0,254.0,1,1,-,7.0,1,0,0,0
2018-11-14 14:46:00,2018-11-14 14:47:00,25616.0,25620.0,25616.0,25620.0,129.0,0,1,+,4.0,1,0,0,0
2018-11-14 14:47:00,2018-11-14 15:09:00,25620.0,25687.0,25620.0,25626.0,8162.0,1,22,+,67.0,2,1,1,1
2018-11-14 15:09:00,2018-11-14 15:54:00,25626.0,25626.0,25445.0,25569.0,22311.0,0,45,-,181.0,2,2,1,6
2018-11-14 15:54:00,2018-11-14 16:23:00,25569.0,25622.0,25552.0,25552.0,12408.0,1,29,-,70.0,2,2,2,1
2018-11-14 16:23:00,2018-11-14 16:24:00,25552.0,25556.0,25552.0,25556.0,158.0,0,1,+,4.0,1,0,0,0
2018-11-14 16:24:00,2018-11-14 17:15:00,25556.0,25567.0,25522.0,25522.0,1281.0,1,6,-,45.0,1,0,0,0
2018-11-14 17:15:00,2018-11-14 17:32:00,25522.0,25565.0,25509.0,25565.0,1272.0,0,17,+,56.0,1,1,1,0
2018-11-14 17:32:00,2018-11-14 17:33:00,25565.0,25565.0,25563.0,25563.0,123.0,1,1,-,2.0,0,1,0,0
2018-11-14 17:33:00,2018-11-14 17:40:00,25563.0,25578.0,25547.0,25578.0,528.0,0,7,+,31.0,0,1,1,0
2018-11-14 17:40:00,2018-11-14 19:19:00,25578.0,25817.0,25566.0,25730.0,13808.0,1,99,+,251.0,4,4,4,1
2018-11-14 19:19:00,2018-11-14 19:21:00,25730.0,25742.0,25730.0,25742.0,133.0,0,2,+,12.0,1,0,0,0
2018-11-14 19:21:00,2018-11-14 19:24:00,25742.0,25751.0,25728.0,25728.0,193.0,1,3,-,23.0,1,0,0,0
2018-11-14 19:24:00,2018-11-14 19:34:00,25728.0,25752.0,25728.0,25752.0,683.0,0,10,+,24.0,1,1,0,0
2018-11-14 19:34:00,2018-11-14 19:35:00,25752.0,25752.0,25746.0,25746.0,54.0,1,1,-,6.0,0,1,0,0
2018-11-14 19:35:00,2018-11-14 19:37:00,25746.0,25762.0,25746.0,25762.0,72.0,0,2,+,16.0,0,1,0,0
2018-11-14 19:37:00,2018-11-14 19:42:00,25762.0,25763.0,25754.0,25754.0,371.0,1,5,+,9.0,0,1,0,0
2018-11-14 19:42:00,2018-11-14 19:43:00,25754.0,25766.0,25754.0,25766.0,90.0,0,1,+,12.0,0,1,0,0
2018-11-14 19:43:00,2018-11-14 19:50:00,25766.0,25770.0,25749.0,25749.0,442.0,1,7,+,21.0,1,1,0,1
2018-11-14 19:50:00,2018-11-14 20:04:00,25749.0,25749.0,25719.0,25747.0,1296.0,0,14,-,30.0,1,1,0,1
2018-11-14 20:04:00,2018-11-14 20:05:00,25747.0,25747.0,25734.0,25734.0,22.0,1,1,-,13.0,0,1,0,0
2018-11-14 20:05:00,2018-11-14 20:14:00,25734.0,25757.0,25730.0,25757.0,475.0,0,9,+,27.0,1,2,2,0
2018-11-14 20:14:00,2018-11-14 22:08:00,25757.0,25963.0,25752.0,25878.0,12872.0,1,114,+,211.0,4,4,8,5
2018-11-14 22:08:00,2018-11-14 22:14:00,25878.0,25932.0,25878.0,25932.0,774.0,0,6,+,54.0,1,0,2,0
2018-11-14 22:14:00,2018-11-14 22:33:00,25932.0,25949.0,25916.0,25931.0,1777.0,1,19,+,33.0,1,1,0,0
2018-11-14 22:33:00,2018-11-14 22:34:00,25931.0,25945.0,25931.0,25945.0,185.0,0,1,+,14.0,0,1,0,0
2018-11-14 22:34:00,2018-11-14 22:38:00,25945.0,25972.0,25920.0,25920.0,1105.0,1,4,-,52.0,1,1,1,2
2018-11-14 22:38:00,2018-11-14 22:42:00,25920.0,25955.0,25918.0,25955.0,587.0,0,4,+,37.0,1,0,1,0
2018-11-14 22:42:00,2018-11-14 23:02:00,25955.0,25997.0,25917.0,25917.0,3938.0,1,20,-,80.0,3,2,2,3
2018-11-14 23:02:00,2018-11-14 23:05:00,25917.0,25946.0,25917.0,25946.0,439.0,0,3,+,29.0,1,0,0,0
2018-11-14 23:05:00,2018-11-14 23:08:00,25946.0,25961.0,25934.0,25934.0,364.0,1,3,+,27.0,1,0,0,1
2018-11-14 23:08:00,2018-11-15 00:00:00,25934.0,25934.0,25766.0,25770.0,8899.0,1,52,-,168.0,3,2,2,4
2018-11-15 00:00:00,2018-11-15 00:26:00,25770.0,25807.0,25724.0,25807.0,3120.0,0,26,+,83.0,2,2,2,2
2018-11-15 00:26:00,2018-11-15 00:27:00,25807.0,25807.0,25790.0,25790.0,107.0,1,1,-,17.0,0,1,0,0
2018-11-15 00:27:00,2018-11-15 00:54:00,25790.0,25791.0,25707.0,25758.0,2173.0,0,27,-,84.0,1,2,0,0
2018-11-15 00:54:00,2018-11-15 09:24:00,25758.0,25900.0,25744.0,25744.0,9163.0,1,15,-,156.0,1,1,1,4
2018-11-15 09:24:00,2018-11-15 09:27:00,25744.0,25762.0,25744.0,25762.0,1537.0,0,3,+,18.0,1,0,0,0
2018-11-15 09:27:00,2018-11-15 09:28:00,25762.0,25762.0,25759.0,25759.0,724.0,1,1,-,3.0,1,0,0,0
2018-11-15 09:28:00,2018-11-15 10:13:00,25759.0,25759.0,25568.0,25690.0,45788.0,0,45,-,191.0,2,2,3,7
2018-11-15 10:13:00,2018-11-15 10:14:00,25690.0,25690.0,25663.0,25663.0,641.0,1,1,-,27.0,0,1,0,0
2018-11-15 10:14:00,2018-11-15 10:16:00,25663.0,25678.0,25652.0,25678.0,1551.0,0,2,+,26.0,0,1,0,0
2018-11-15 10:16:00,2018-11-15 10:17:00,25678.0,25678.0,25659.0,25659.0,501.0,1,1,-,19.0,0,1,0,0
2018-11-15 10:17:00,2018-11-15 10:19:00,25659.0,25659.0,25639.0,25658.0,1443.0,0,2,-,20.0,1,1,0,0
2018-11-15 10:19:00,2018-11-15 10:22:00,25658.0,25673.0,25648.0,25648.0,1552.0,1,3,-,25.0,2,1,0,0
2018-11-15 10:22:00,2018-11-15 10:23:00,25648.0,25659.0,25648.0,25659.0,320.0,0,1,+,11.0,1,0,0,0
2018-11-15 10:23:00,2018-11-15 10:24:00,25659.0,25659.0,25645.0,25645.0,531.0,1,1,-,14.0,1,0,0,0
2018-11-15 10:24:00,2018-11-15 10:25:00,25645.0,25650.0,25645.0,25650.0,235.0,0,1,+,5.0,1,0,0,0
2018-11-15 10:25:00,2018-11-15 10:49:00,25650.0,25782.0,25650.0,25660.0,19496.0,1,24,+,132.0,2,1,2,2
2018-11-15 10:49:00,2018-11-15 10:51:00,25660.0,25676.0,25660.0,25676.0,932.0,0,2,+,16.0,1,0,0,0
2018-11-15 10:51:00,2018-11-15 10:52:00,25676.0,25676.0,25666.0,25666.0,514.0,1,1,-,10.0,1,0,0,0
2018-11-15 10:52:00,2018-11-15 11:14:00,25666.0,25692.0,25615.0,25692.0,11077.0,0,22,+,77.0,1,1,1,1
2018-11-15 11:14:00,2018-11-15 11:18:00,25692.0,25711.0,25664.0,25664.0,2290.0,1,4,-,47.0,0,1,0,0
2018-11-15 11:18:00,2018-11-15 11:29:00,25664.0,25688.0,25637.0,25688.0,4642.0,0,11,+,51.0,1,2,0,0
2018-11-15 11:29:00,2018-11-15 16:05:00,25688.0,26128.0,25670.0,26043.0,108122.0,1,216,+,458.0,13,13,20,13
2018-11-15 16:05:00,2018-11-15 16:08:00,26043.0,26051.0,26035.0,26051.0,1659.0,0,3,+,16.0,1,0,0,0
2018-11-15 16:08:00,2018-11-15 16:18:00,26051.0,26086.0,26051.0,26060.0,3741.0,1,10,+,35.0,1,1,0,0
2018-11-15 16:18:00,2018-11-15 16:19:00,26060.0,26079.0,26060.0,26079.0,352.0,0,1,+,19.0,0,1,0,0
2018-11-15 16:19:00,2018-11-15 16:24:00,26079.0,26096.0,26069.0,26069.0,1379.0,1,5,-,27.0,0,1,0,0
2018-11-15 16:24:00,2018-11-15 18:26:00,26069.0,26069.0,25832.0,25898.0,11724.0,0,77,-,237.0,2,3,1,2
2018-11-15 18:26:00,2018-11-15 18:27:00,25898.0,25898.0,25889.0,25889.0,77.0,1,1,-,9.0,0,1,0,0
2018-11-15 18:27:00,2018-11-15 18:32:00,25889.0,25895.0,25868.0,25895.0,411.0,0,5,+,27.0,1,2,1,0
2018-11-15 18:32:00,2018-11-15 19:30:00,25895.0,26008.0,25895.0,25949.0,5398.0,1,58,+,113.0,2,2,3,2
2018-11-15 19:30:00,2018-11-15 19:32:00,25949.0,25969.0,25949.0,25969.0,185.0,0,2,+,20.0,1,0,1,0
2018-11-15 19:32:00,2018-11-15 19:44:00,25969.0,25995.0,25964.0,25966.0,925.0,1,12,-,31.0,2,1,0,0
2018-11-15 19:44:00,2018-11-15 19:45:00,25966.0,25978.0,25966.0,25978.0,58.0,0,1,+,12.0,1,0,0,0
2018-11-15 19:45:00,2018-11-15 19:49:00,25978.0,25983.0,25952.0,25952.0,390.0,1,4,-,31.0,2,1,0,1
2018-11-15 19:49:00,2018-11-15 19:52:00,25952.0,25977.0,25952.0,25977.0,273.0,0,3,+,25.0,1,0,0,0
2018-11-15 19:52:00,2018-11-15 19:57:00,25977.0,25995.0,25974.0,25974.0,456.0,1,5,-,21.0,1,1,0,0
2018-11-15 19:57:00,2018-11-15 19:58:00,25974.0,25982.0,25974.0,25982.0,47.0,0,1,+,8.0,0,1,0,0
2018-11-15 19:58:00,2018-11-15 20:10:00,25982.0,26020.0,25982.0,25985.0,1281.0,1,12,+,38.0,1,1,1,1
2018-11-15 20:10:00,2018-11-15 20:11:00,25985.0,25988.0,25985.0,25988.0,42.0,0,1,+,3.0,1,0,0,0
2018-11-15 20:11:00,2018-11-15 20:12:00,25988.0,25988.0,25980.0,25980.0,65.0,1,1,-,8.0,1,0,0,0
2018-11-15 20:12:00,2018-11-15 20:17:00,25980.0,25984.0,25964.0,25984.0,343.0,0,5,+,20.0,1,0,0,0
2018-11-15 20:17:00,2018-11-15 20:20:00,25984.0,25987.0,25973.0,25973.0,123.0,1,3,-,14.0,1,0,0,0
2018-11-15 20:20:00,2018-11-15 20:21:00,25973.0,25984.0,25973.0,25984.0,38.0,0,1,+,11.0,1,0,0,0
2018-11-15 20:21:00,2018-11-15 20:22:00,25984.0,25984.0,25977.0,25977.0,38.0,1,1,-,7.0,1,0,0,0
2018-11-15 20:22:00,2018-11-15 20:23:00,25977.0,25983.0,25977.0,25983.0,36.0,0,1,+,6.0,1,0,0,0
2018-11-15 20:23:00,2018-11-15 20:35:00,25983.0,25999.0,25981.0,25981.0,605.0,1,12,-,18.0,2,1,0,0
2018-11-15 20:35:00,2018-11-15 21:46:00,25981.0,25983.0,25866.0,25919.0,6665.0,0,71,-,117.0,4,4,7,8
2018-11-15 21:46:00,2018-11-15 21:49:00,25919.0,25919.0,25878.0,25878.0,377.0,1,3,-,41.0,0,1,0,1
2018-11-15 21:49:00,2018-11-15 21:58:00,25878.0,25905.0,25860.0,25905.0,1138.0,0,9,+,45.0,1,2,1,1
2018-11-15 21:58:00,2018-11-15 21:59:00,25905.0,25905.0,25889.0,25889.0,137.0,1,1,-,16.0,0,1,0,0
2018-11-15 21:59:00,2018-11-15 22:00:00,25889.0,25908.0,25889.0,25908.0,164.0,0,1,+,19.0,0,1,1,0
2018-11-15 22:00:00,2018-11-15 22:03:00,25908.0,25908.0,25891.0,25891.0,279.0,1,3,-,17.0,0,1,0,0
2018-11-15 22:03:00,2018-11-15 22:05:00,25891.0,25900.0,25891.0,25900.0,149.0,0,2,+,9.0,0,1,0,0
2018-11-15 22:05:00,2018-11-15 22:06:00,25900.0,25900.0,25879.0,25879.0,150.0,1,1,-,21.0,1,1,0,0
2018-11-15 22:06:00,2018-11-15 22:25:00,25879.0,25879.0,25813.0,25879.0,3498.0,0,19,-,66.0,1,1,2,1
2018-11-15 22:25:00,2018-11-15 22:26:00,25879.0,25879.0,25876.0,25876.0,82.0,1,1,-,3.0,0,1,0,0
2018-11-15 22:26:00,2018-11-15 22:35:00,25876.0,25886.0,25812.0,25886.0,2202.0,0,9,+,74.0,1,2,1,2
2018-11-15 22:35:00,2018-11-15 23:10:00,25886.0,25981.0,25884.0,25894.0,7524.0,1,35,-,97.0,1,1,4,2
2018-11-15 23:10:00,2018-11-15 23:11:00,25894.0,25900.0,25894.0,25900.0,154.0,0,1,+,6.0,1,0,0,0
2018-11-15 23:11:00,2018-11-15 23:24:00,25900.0,25945.0,25897.0,25897.0,1377.0,1,13,+,48.0,2,1,0,1
2018-11-15 23:24:00,2018-11-15 23:28:00,25897.0,25918.0,25893.0,25918.0,606.0,0,4,+,25.0,1,0,0,0
2018-11-15 23:28:00,2018-11-15 23:29:00,25918.0,25918.0,25902.0,25902.0,58.0,1,1,-,16.0,1,0,0,0
2018-11-15 23:29:00,2018-11-16 00:00:00,25902.0,25902.0,25797.0,25842.0,4887.0,1,31,-,105.0,1,1,0,2
2018-11-16 00:00:00,2018-11-16 00:04:00,25842.0,25903.0,25840.0,25903.0,572.0,0,4,+,63.0,1,2,1,0
2018-11-16 00:04:00,2018-11-16 09:17:00,25903.0,26109.0,25903.0,25985.0,10133.0,1,58,+,206.0,2,2,4,4
2018-11-16 09:17:00,2018-11-16 10:39:00,25985.0,26001.0,25804.0,25874.0,63419.0,0,82,-,197.0,4,4,1,4
2018-11-16 10:39:00,2018-11-16 10:46:00,25874.0,25896.0,25856.0,25856.0,3895.0,1,7,+,40.0,0,1,1,0
2018-11-16 10:46:00,2018-11-16 10:48:00,25856.0,25867.0,25853.0,25867.0,1300.0,0,2,+,14.0,0,1,0,0
2018-11-16 10:48:00,2018-11-16 10:56:00,25867.0,25903.0,25867.0,25871.0,4630.0,1,8,-,36.0,0,1,0,0
2018-11-16 10:56:00,2018-11-16 11:03:00,25871.0,25874.0,25832.0,25874.0,4571.0,0,7,+,42.0,1,1,0,1
2018-11-16 11:03:00,2018-11-16 13:20:00,25874.0,26178.0,25870.0,26038.0,48594.0,1,77,+,308.0,3,2,8,4
2018-11-16 13:20:00,2018-11-16 13:33:00,26038.0,26077.0,26000.0,26077.0,9304.0,0,13,+,77.0,1,1,1,0
2018-11-16 13:33:00,2018-11-16 13:34:00,26077.0,26077.0,26058.0,26058.0,532.0,1,1,-,19.0,0,1,0,0
2018-11-16 13:34:00,2018-11-16 13:37:00,26058.0,26082.0,26058.0,26082.0,1096.0,0,3,+,24.0,0,1,0,0
2018-11-16 13:37:00,2018-11-16 13:38:00,26082.0,26082.0,26072.0,26072.0,625.0,1,1,-,10.0,0,1,0,0
2018-11-16 13:38:00,2018-11-16 13:42:00,26072.0,26108.0,26072.0,26108.0,2198.0,0,4,+,36.0,0,1,0,0
2018-11-16 13:42:00,2018-11-16 13:53:00,26108.0,26173.0,26079.0,26079.0,9252.0,1,11,-,94.0,1,1,1,1
2018-11-16 13:53:00,2018-11-16 13:55:00,26079.0,26104.0,26079.0,26104.0,1623.0,0,2,+,25.0,1,0,0,0
2018-11-16 13:55:00,2018-11-16 13:56:00,26104.0,26104.0,26088.0,26088.0,572.0,1,1,-,16.0,1,0,0,0
2018-11-16 13:56:00,2018-11-16 13:58:00,26088.0,26106.0,26088.0,26106.0,1102.0,0,2,+,18.0,1,0,0,0
2018-11-16 13:58:00,2018-11-16 14:04:00,26106.0,26110.0,26080.0,26080.0,3988.0,1,6,-,30.0,1,0,0,0
2018-11-16 14:04:00,2018-11-16 14:07:00,26080.0,26086.0,26069.0,26086.0,1273.0,0,3,+,17.0,1,0,0,0
2018-11-16 14:07:00,2018-11-16 14:08:00,26086.0,26086.0,26063.0,26063.0,436.0,1,1,-,23.0,1,0,0,0
2018-11-16 14:08:00,2018-11-16 14:57:00,26063.0,26072.0,25987.0,26047.0,20738.0,0,49,-,85.0,2,2,1,2
2018-11-16 14:57:00,2018-11-16 15:10:00,26047.0,26074.0,26028.0,26028.0,5314.0,1,13,+,46.0,1,1,1,2
2018-11-16 15:10:00,2018-11-16 15:11:00,26028.0,26039.0,26028.0,26039.0,420.0,0,1,+,11.0,1,0,0,0
2018-11-16 15:11:00,2018-11-16 16:18:00,26039.0,26142.0,26039.0,26083.0,21276.0,1,67,-,103.0,5,4,5,5
2018-11-16 16:18:00,2018-11-16 16:25:00,26083.0,26095.0,26083.0,26095.0,1511.0,0,7,+,12.0,1,0,0,0
